{"Year":[1990,1990,1990,1990,1990,1995,1995,1995,1995,1995,1998,1998,1998,1998,1998,1999,1999,1999,1999,1999,2000,2000,2000,2000,2000,2001,2001,2001,2001,2001,2002,2002,2002,2002,2002,2003,2003,2003,2003,2003,2004,2004,2004,2004,2004,2005,2005,2005,2005,2005,2006,2006,2006,2006,2006,2007,2007,2007,2007,2007,2008,2008,2008,2008,2008,2009,2009,2009,2009,2009,2010,2010,2010,2010,2010,2011,2011,2011,2011,2011,2012,2012,2012,2012,2012,2013,2013,2013,2013,2013,2014,2014,2014,2014,2014,2015,2015,2015,2015,2015,2016,2016,2016,2016,2016,2017,2017,2017,2017,2017,2018,2018,2018,2018,2018],"Pollutant":["NOx","PM2.5","SO2","NMVOC","NH3","NOx","PM2.5","SO2","NMVOC","NH3","NOx","PM2.5","SO2","NMVOC","NH3","NOx","PM2.5","SO2","NMVOC","NH3","NOx","PM2.5","SO2","NMVOC","NH3","NOx","PM2.5","SO2","NMVOC","NH3","NOx","PM2.5","SO2","NMVOC","NH3","NOx","PM2.5","SO2","NMVOC","NH3","NOx","PM2.5","SO2","NMVOC","NH3","NOx","PM2.5","SO2","NMVOC","NH3","NOx","PM2.5","SO2","NMVOC","NH3","NOx","PM2.5","SO2","NMVOC","NH3","NOx","PM2.5","SO2","NMVOC","NH3","NOx","PM2.5","SO2","NMVOC","NH3","NOx","PM2.5","SO2","NMVOC","NH3","NOx","PM2.5","SO2","NMVOC","NH3","NOx","PM2.5","SO2","NMVOC","NH3","NOx","PM2.5","SO2","NMVOC","NH3","NOx","PM2.5","SO2","NMVOC","NH3","NOx","PM2.5","SO2","NMVOC","NH3","NOx","PM2.5","SO2","NMVOC","NH3","NOx","PM2.5","SO2","NMVOC","NH3","NOx","PM2.5","SO2","NMVOC","NH3"],"Value":[100.0,100.0,100.0,100.0,100.0,81.1150364098,77.5242943639,64.4188129509,78.2833575732,89.2467431102,68.6676334064,69.7862192788,44.5500105711,66.616907544,94.2852796812,64.6267680765,69.1618224396,33.5847934037,59.9628868649,92.3773764407,61.7372181199,63.0623901655,31.6898369796,54.401015564,90.1989032847,60.663863719,62.9709212536,29.3271634888,51.867747435,86.8585855455,57.3503505406,56.4672789744,26.7530425749,48.0587876633,86.3730934285,56.8891118905,57.354539446,26.4342675299,45.1303174932,83.4449114721,55.0775620945,55.7636966561,22.0330476132,42.4147212653,85.215168875,54.7794565393,54.8055144934,18.7762311608,39.784946631,82.6683236348,52.392560609,53.541756481,17.0223522631,37.8666908864,81.4001278634,50.8590636829,50.814487138,15.0426437308,35.8886313047,79.8675626901,44.7140765267,51.0436094952,12.405503898,33.2958398218,75.3790058773,38.6981566546,48.6092714549,9.9385397446,29.6801248029,76.281924396,37.6603063911,52.1126755022,9.9571424835,28.6963576997,76.245700142,35.1219670211,46.8836159095,9.6818921483,27.8683109718,78.0065307725,35.8547548735,49.689322045,11.2534026315,27.0180729249,76.5648026843,33.8506792965,50.3997347026,9.5872230878,25.8963278865,74.9279648392,31.5781838445,47.5753780715,7.8347353938,25.7346647484,79.2542995327,29.9592423672,47.7114885517,5.8592380862,25.5654854198,80.5214998477,26.7357916062,46.9457915,4.1083532866,24.9885540668,81.1290883384,26.1064064928,46.8104607647,4.1809481927,24.9954968039,81.62719325,25.2225860922,47.7434621463,3.7860030898,24.9473187384,81.5488354218]}