{"data":{"Year":[1997,1998,1999,2000,2001,2002,2003,2004,2005,2006,2007,2008,2009,2010,2011,2012,2013,2014,2015,2016,2017,2018,2019],"Value":[59.7150881895,58.2421847402,61.3486972955,56.416532375,54.2851679382,51.746026458,58.453531053,55.5277125351,57.8571404881,58.2495374573,59.0593623603,53.4815790716,48.0721795831,47.959240347,43.8786467752,42.553173674,41.0290040438,40.0199909268,35.2896507208,37.7141561232,33.2629094618,32.2916744883,30.3995057714]},"edges":[]}