{"Year":[1987,1988,1989,1990,1991,1992,1993,1994,1995,1996,1997,1998,1999,2000,2001,2002,2003,2004,2005,2006,2007,2008,2009,2010,2011,2012,2013,2014,2015,2016,2017,2018,2019],"Value":[56.195832281,63.6740120913,66.7820862387,69.0090526043,67.5090647754,66.9254000044,64.1228786974,69.2194509663,69.853782035,66.0445990778,65.927109138,66.753638058,71.3998485231,66.866794833,66.1832355724,66.9609385038,73.3408277908,71.6374870066,69.7079889647,73.7136627933,67.1231779085,68.2073208154,66.5495631071,66.5295678512,66.8744812263,64.4012367998,67.4370181507,68.7675323344,70.3494548047,66.0834768006,68.3738345816,73.7080725107,71.8170004004]}